category	location	match
cmd_exec	./cactid.php:84		exec('pgrep -a php | grep cactid.php', $output);
cmd_exec	./cli/audit_database.php:1028				$db_shell = shell_exec('which mysql');
cmd_exec	./cli/audit_database.php:1058				exec($cmd, $output, $error);
cmd_exec	./cli/audit_database.php:168		exec('php ' . CACTI_PATH_CLI . '/upgrade_database.php --debug', $output, $return_var);
cmd_exec	./cli/audit_database.php:259								exec('php ' . CACTI_PATH_PLUGINS . '/' . $pname . '/database_upgrade.php --type=large --force-ver=' . $old, $output, $return_var);
cmd_exec	./cli/batchgapfix.php:422			exec($command, $output, $return_var);
cmd_exec	./cli/float_rrdfiles.php:352				$response = exec($command, $output, $return);
cmd_exec	./cli/float_rrdfiles.php:464					$response = exec($command, $output, $return);
cmd_exec	./cli/push_out_hosts.php:50		passthru($php_binary . ' ' . CACTI_PATH_CLI . '/rebuild_poller_cache.php ' . $parameters);
cmd_exec	./cli/remove_broken_graphs.php:47		$stty  = shell_exec('stty size');
cmd_exec	./cli/rrdresize.php:960		$process = proc_open($path_rrdtool . ' -', $fds, $pipes);
cmd_exec	./cli/splice_rrd.php:273	$response = shell_exec($rrdtool);
cmd_exec	./cli/splice_rrd.php:305	shell_exec("$rrdtool dump $oldrrd > $oldxmlfile");
cmd_exec	./cli/splice_rrd.php:308	shell_exec("$rrdtool dump $newrrd > $newxmlfile");
cmd_exec	./cli/splice_rrd.php:921		$result      = exec($command, $output, $return_var);
cmd_exec	./cli/update_heartbeat.php:274				$result = exec($command, $output, $return_code);
cmd_exec	./cmd.php:351			$cactiphp = proc_open($command, $cactides, $pipes);
cmd_exec	./cmd_realtime.php:121				$cactiphp            = proc_open(read_config_option('path_php_binary') . ' -q ' . CACTI_PATH_BASE . '/script_server.php realtime ' . $poller_id, $cactides, $pipes);
cmd_exec	./graph_realtime.php:225			shell_exec($php_binary . ' -q ' . $script_path . ' ' . $args);
cmd_exec	./host.php:203		shell_exec(cacti_escapeshellcmd(read_config_option('path_php_binary')) . ' -q ' . cacti_escapeshellarg(CACTI_PATH_CLI . '/poller_reindex_hosts.php') . ' --qid=all --id=' . $host_id);
cmd_exec	./install/functions.php:949				$shell_output       = shell_exec(cacti_escapeshellcmd(read_config_option('path_php_binary')) . ' -q ' . cacti_escapeshellarg(CACTI_PATH_CLI . '/import_package.php') . ' --filename=' . cacti_escapeshellarg("/$path/$xmlfile") . ' --info');
cmd_exec	./install/install.php:135			print '<li>' . __('The shell_exec() and/or exec() functions are currently blocked.') . '<br>' . __('See the PHP Manual: <a href="http://php.net/manual/en/ini.core.php#ini.disable-functions">Disable Functions</a>.') . '</li>';
cmd_exec	./poller_realtime.php:159	shell_exec("$command_string $extra_args");
cmd_exec	./poller_realtime.php:245					shell_exec($command);
cmd_exec	./poller_spikekill.php:266				$response = exec(cacti_escapeshellcmd(read_config_option('path_php_binary')) . ' -q ' .
cmd_exec	./remote_agent.php:445									$cactiphp = proc_open(read_config_option('path_php_binary') . ' -q ' . CACTI_PATH_BASE . '/script_server.php realtime ' . cacti_escapeshellarg($poller_id), $cactides, $pipes);
cmd_exec	./script_server.php:193					exec("TASKLIST /FO LIST /FI \"PID eq $parent_pid\"", $out);
cmd_exec	./scripts/sql.php:17	$sql = shell_exec($cmd);
cmd_exec	./scripts/ss_netsnmp_lmsensors.php:39			$virtual = intval(shell_exec('/usr/bin/hostnamectl 2> /dev/null | grep -i virtual | wc -l'));
cmd_exec	./scripts/ss_sql.php:47		$result = shell_exec($cmd) ?? '';
cmd_exec	./snmpagent_mibcache.php:54			popen('start "CactiSNMPCacheChild" /I ' . $php . ' ' . $extra_args, 'r');
cmd_exec	./snmpagent_mibcache.php:56			exec($php . ' ' . $extra_args . ' > /dev/null &');
cmd_exec	./snmpagent_persist.php:83		pclose(popen('start "CactiSNMPCache" /I /B ' . $php . ' ' . $extra_args, 'r'));
cmd_exec	./snmpagent_persist.php:85		exec('ps -ef | grep -v grep | grep -v "sh -c" | grep snmpagent_mibcache.php', $output);
cmd_exec	./snmpagent_persist.php:88			exec($php . ' ' . $extra_args . ' > /dev/null &');
cmd_exec	./support.php:1133				exec(cacti_escapeshellcmd(read_config_option('path_rrdtool')), $out_array);
cmd_exec	./support.php:1151			$snmp_version = shell_exec(cacti_escapeshellcmd(read_config_option('path_snmpget')) . ' -V 2>&1');
cmd_exec	./support.php:1174			exec(cacti_escapeshellcmd(read_config_option('path_spine')) . ' --version', $out_array);
deserialize	./package_import.php:125			$hashes = unserialize(stripslashes(gnrv('selected_hashes')), ['allowed_classes' => false]);
deserialize	./package_import.php:126			$files  = unserialize(stripslashes(gnrv('selected_files')), ['allowed_classes' => false]);
dynamic_include	./cli/audit_database.php:232							include_once($plugin . '/setup.php');
dynamic_include	./cli/audit_database.php:235								include_once($plugin . '/includes/database.php');
dynamic_include	./cli/upgrade_database.php:152			include($upgrade_file);
dynamic_include	./include/global_languages.php:178				require_once($providerFull);
dynamic_include	./index.php:49							require_once($file);
dynamic_include	./link.php:90					require_once($file);
dynamic_include	./plugins.php:1821				require_once($setup_file);
dynamic_include	./reports.php:35		require_once($reportit_api);
dynamic_include	./script_server.php:292						require_once($include_file);
dynamic_include	./scripts/ss_mikrotik_snmpget.php:37		include_once($config['base_path'] . '/lib/snmp.php');
dynamic_include	./scripts/ss_netsnmp_lmsensors.php:26		include($config['base_path'] . '/lib/snmp.php');
dynamic_include	./snmpagent_persist.php:177				require($path_mibcache);
fs_write	./cactid.php:81		$STDERR = fopen('/dev/null', 'wb');
fs_write	./cactid.php:93		$STDERR = fopen('null', 'wb');
fs_write	./cli/clone_device_template.php:261			$fin = fopen('php://stdin', 'r');
fs_write	./cli/float_rrdfiles.php:360				$fp = fopen($tmp_file, 'w');
fs_write	./cli/float_rrdfiles.php:363					$lf = fopen('/tmp/clearer.log', 'a');
fs_write	./cli/genkey.php:207		file_put_contents("$keypair_path/package.info", $package_info);
fs_write	./cli/genkey.php:316				if (file_put_contents("$keypair_path/package.key", $privKey)) {
fs_write	./cli/genkey.php:330			if (file_put_contents("$keypair_path/package.pub", $pubKey)) {
fs_write	./cli/genmanifest.php:199				file_put_contents("$dir/package.manifest", json_encode($package_manifest, JSON_PRETTY_PRINT));
fs_write	./cli/import_package.php:171				$fp   = fopen($filename, 'r');
fs_write	./cli/import_template.php:126				$fp       = fopen($filename,'r');
fs_write	./cli/input_whitelist.php:170			file_put_contents($config['input_whitelist'], json_encode($input));
fs_write	./cli/md5sum.php:171		if (file_put_contents($md5_file,$output) === false) {
fs_write	./cli/migrate_poller.php:241		$result = file_put_contents($migration_log_file, date('Y-m-d H:i:s') . " - $message" . PHP_EOL, FILE_APPEND);
fs_write	./cli/refresh_csrf.php:84		$fh = fopen(CACTI_CSRF_SECRET, 'w');
fs_write	./cli/rrdresize.php:247		$log_handle = fopen($tmp_backup_folder . 'tmp_rrdresize.log', 'w');
fs_write	./cli/rrdresize.php:860					if (!file_put_contents($tmp_xml_file, $rrd_new_header . $rrd_new_body . '</rrd>')) {
fs_write	./cli/splice_rrd.php:363	file_put_contents($newxmlfile, $new_xml);
fs_write	./cli/splice_rrd.php:74				if (($f = @fopen($path, 'a'))) {
fs_write	./cli/splice_rrd.php:83			if (($f = @fopen($path, 'w'))) {
fs_write	./cli/splice_rrd.php:939		return file_put_contents($xmlfile, $output);
fs_write	./host.php:620		$stdout = fopen('php://output', 'w');
fs_write	./include/global_languages.php:1168			file_put_contents($config['i18n_log'], $text . $eol, $mode);
fs_write	./include/global_languages.php:1185			file_put_contents($config['i18n_text_log'], $text . $eol, $mode);
fs_write	./include/themes/midwinter/update_hash.php:64			file_put_contents($cssFile, $fileUpdated);
fs_write	./install/functions.php:1306						$fp = fopen($config_file, 'w');
fs_write	./install/functions.php:1528			file_put_contents(CACTI_PATH_LOG . '/' . $logfile . '.log', sprintf($format_log1, $day, $time, $levelname, $data, PHP_EOL), $flags);
fs_write	./install/functions.php:1529			file_put_contents(CACTI_PATH_LOG . '/install-complete.log', sprintf($format_log2, $day, $time, $sectionname, $levelname, $data, PHP_EOL), $flags);
fs_write	./install/functions.php:281				$fh = fopen($file, 'w');
fs_write	./install/functions.php:771			file_put_contents($cacheFile, '<[version]> ' . $cacti_upgrade_version . ' <[status]> ' . $status . ' <[sql]> ' . clean_up_lines($sql) . ' <[error]> ' . $database_last_error . PHP_EOL, FILE_APPEND);
fs_write	./package_import.php:202							file_put_contents($xmlfile, $data);
fs_write	./package_import.php:420				file_put_contents($xmlfile, $_SESSION['sess_import_package']);
fs_write	./package_import.php:571			file_put_contents($xmlfile, $_SESSION['sess_import_package']);
fs_write	./package_import.php:619				file_put_contents($xmlfile, $data);
fs_write	./package_import.php:726						file_put_contents($xmlfile, $data);
fs_write	./package_import.php:752			file_put_contents($xmlfile, $_SESSION['sess_import_package']);
fs_write	./package_import.php:831						file_put_contents($xmlfile, $data);
fs_write	./package_import.php:847			file_put_contents($xmlfile, $_SESSION['sess_import_package']);
fs_write	./package_import.php:888					file_put_contents($xmlfile, $data);
fs_write	./script_server.php:50		define('STDIN', fopen('php://stdin', 'r'));
fs_write	./script_server.php:51		define('STDOUT', fopen('php://stdout', 'w'));
fs_write	./scripts/ss_net_snmp_disk_bytes.php:264				file_put_contents("$tmpdir/$tmpfile", $data);
fs_write	./scripts/ss_net_snmp_disk_io.php:266				file_put_contents("$tmpdir/$tmpfile", $data);
fs_write	./snmpagent_mibcachechild.php:90		$lock = fopen($path_mibcache_lock, 'w');
fs_write	./snmpagent_mibcachechild.php:94			file_put_contents($path_mibcache, '<?php $cache = ' . var_export($cache, true) . ';', LOCK_EX);
fs_write	./templates_import.php:63				$fp       = fopen($_FILES['import_file']['tmp_name'],'r');
fs_write	./utilities.php:191				$log_fh = fopen($logfile, 'w');
header_redirect	./aggregate_graphs.php:1083			header('Location: ' . $referer);
header_redirect	./aggregate_graphs.php:121			header('Location: aggregate_graphs.php?action=edit&id=' . gnrv('id'));
header_redirect	./aggregate_graphs.php:135				header('Location: aggregate_graphs.php?action=edit&id=' . $local_graph_id);
header_redirect	./aggregate_graphs.php:155				header('Location: aggregate_graphs.php?action=edit&id=' . $local_graph_id);
header_redirect	./aggregate_graphs.php:290			header('Location: aggregate_graphs.php?action=edit&id=' . $local_graph_id);
header_redirect	./aggregate_graphs.php:378				header('Location: ' . CACTI_PATH_URL . 'aggregate_graphs.php?action=item_edit&graph_template_item_id=' . (empty($graph_template_item_id) ? gfrv('graph_template_item_id') : $graph_template_item_id) . '&id=' . gfrv('local_graph_id'));
header_redirect	./aggregate_graphs.php:382				header('Location: ' . CACTI_PATH_URL . 'aggregate_graphs.php?action=edit&id=' . gfrv('local_graph_id'));
header_redirect	./aggregate_graphs.php:455			header('Location: ' . CACTI_PATH_URL . $location_failure);
header_redirect	./aggregate_graphs.php:459			header('Location: ' . CACTI_PATH_URL . $location_success);
header_redirect	./aggregate_graphs.php:739					header('Location: aggregate_graphs.php');
header_redirect	./aggregate_graphs.php:746					header('Location: aggregate_graphs.php?action=edit&tab=items&id=' . $local_graph_id);
header_redirect	./aggregate_graphs.php:75			header('Location: aggregate_graphs.php?action=edit&id=' . gfrv('local_graph_id'));
header_redirect	./aggregate_graphs.php:753					header('Location: aggregate_graphs.php?action=edit&tab=items&id=' . $local_graph_id);
header_redirect	./aggregate_graphs.php:766			header('Location: aggregate_graphs.php');
header_redirect	./aggregate_graphs.php:827						header('Location: aggregate_graphs.php');
header_redirect	./aggregate_graphs.php:838						header('Location: aggregate_graphs.php');
header_redirect	./aggregate_graphs.php:864							header('Location: aggregate_graphs.php');
header_redirect	./aggregate_graphs.php:882						header('Location: aggregate_graphs.php');
header_redirect	./aggregate_graphs.php:89			header('Location: aggregate_graphs.php?action=edit&id=' . gfrv('local_graph_id'));
header_redirect	./aggregate_graphs.php:95			header('Location: aggregate_graphs.php?action=edit&id=' . gfrv('local_graph_id'));
header_redirect	./aggregate_templates.php:118			header('Location: aggregate_templates.php?action=edit&id=' . gnrv('id'));
header_redirect	./aggregate_templates.php:169			header('Location: aggregate_templates.php?action=edit&id=' . gnrv('id'));
header_redirect	./aggregate_templates.php:272		header('Location: aggregate_templates.php?action=edit&id=' . $id);
header_redirect	./aggregate_templates.php:298			header('Location: aggregate_templates.php');
header_redirect	./aggregate_templates.php:71			header('Location: aggregate_templates.php?action=edit&id=' . gnrv('id'));
header_redirect	./auth_2fa.php:31		header('Location: logout.php');
header_redirect	./auth_changepassword.php:105		header("Location: $return");
header_redirect	./auth_changepassword.php:112		header('Location: graph_view.php');
header_redirect	./auth_changepassword.php:242				header('Location: logout.php');
header_redirect	./auth_changepassword.php:358			header('Location:index.php');
header_redirect	./auth_changepassword.php:49				header("Location: $referer");
header_redirect	./auth_changepassword.php:91		header("Location: $return");
header_redirect	./auth_profile.php:286		header('Location: auth_profile.php' . $tab);
header_redirect	./auth_resetpassword.php:212				header('Location: index.php');
header_redirect	./automation_devices.php:138			header('Location: automation_devices.php');
header_redirect	./automation_devices.php:689		header('Location: automation_devices.php');
header_redirect	./automation_graph_rules.php:149			header('Location: automation_graph_rules.php');
header_redirect	./automation_graph_rules.php:255		header('Location: automation_graph_rules.php?action=import');
header_redirect	./automation_graph_rules.php:283			header('Location: automation_graph_rules.php?action=edit&id=' . (empty($rule_id) ? gnrv('id') : $rule_id));
header_redirect	./automation_graph_rules.php:317						header('Location: automation_graph_rules.php?header=false&action=edit&id=' . grv('id'));
header_redirect	./automation_graph_rules.php:337				header('Location: automation_graph_rules.php?action=item_edit&id=' . grv('id') . '&item_id=' . ($item_id === null ? grv('item_id') : $item_id) . '&rule_type=' . AUTOMATION_RULE_TYPE_GRAPH_ACTION);
header_redirect	./automation_graph_rules.php:339				header('Location: automation_graph_rules.php?action=edit&id=' . grv('id') . '&rule_type=' . AUTOMATION_RULE_TYPE_GRAPH_ACTION);
header_redirect	./automation_graph_rules.php:367				header('Location: automation_graph_rules.php?header=false&action=edit&id=' . grv('id') . '&rule_type=' . AUTOMATION_RULE_TYPE_GRAPH_ACTION);
header_redirect	./automation_graph_rules.php:385				header('Location: automation_graph_rules.php?action=item_edit&id=' . grv('id') . '&item_id=' . ($item_id === null ? grv('item_id') : $item_id) . '&rule_type=' . AUTOMATION_RULE_TYPE_GRAPH_MATCH);
header_redirect	./automation_graph_rules.php:387				header('Location: automation_graph_rules.php?action=edit&id=' . grv('id') . '&rule_type=' . AUTOMATION_RULE_TYPE_GRAPH_MATCH);
header_redirect	./automation_graph_rules.php:391			header('Location: automation_graph_rules.php');
header_redirect	./automation_graph_rules.php:459			header('Location: automation_graph_rules.php');
header_redirect	./automation_graph_rules.php:69			header('Location: automation_graph_rules.php?action=edit&id=' . gfrv('id'));
header_redirect	./automation_graph_rules.php:75			header('Location: automation_graph_rules.php?action=edit&id=' . gfrv('id'));
header_redirect	./automation_graph_rules.php:81			header('Location: automation_graph_rules.php?action=edit&id=' . gfrv('id'));
header_redirect	./automation_graph_rules.php:93			header('Location: automation_graph_rules.php?action=edit&name=' . grv('name') . '&id=' . gfrv('id') . '&snmp_query_id=' . grv('snmp_query_id'));
header_redirect	./automation_graph_rules.php:99			header('Location: automation_graph_rules.php');
header_redirect	./automation_networks.php:214		header('Location: automation_networks.php?action=import');
header_redirect	./automation_networks.php:223			header('Location: automation_networks.php?action=edit&id=' . (empty($network_id) ? gnrv('id') : $network_id));
header_redirect	./automation_networks.php:512			header('Location: automation_networks.php');
header_redirect	./automation_snmp.php:264		header('Location: automation_snmp.php?action=import');
header_redirect	./automation_snmp.php:289			header('Location: automation_snmp.php?action=edit&id=' . (empty($id) ? gnrv('id') : $id));
header_redirect	./automation_snmp.php:330				header('Location: automation_snmp.php?action=item_edit&id=' . gnrv('id') . '&item_id=' . ($item_id === null ? gfrv('id') : $item_id));
header_redirect	./automation_snmp.php:332				header('Location: automation_snmp.php?action=edit&id=' . gnrv('id'));
header_redirect	./automation_snmp.php:336			header('Location: automation_snmp.php');
header_redirect	./automation_snmp.php:384			header('Location: automation_snmp.php');
header_redirect	./automation_snmp.php:501		header('Location: automation_snmp.php?action=edit&id=' . grv('id'));
header_redirect	./automation_snmp.php:75			header('Location: automation_snmp.php?action=edit&id=' . grv('id'));
header_redirect	./automation_snmp.php:83			header('Location: automation_snmp.php?action=edit&id=' . grv('id'));
header_redirect	./automation_snmp.php:95			header('Location: automation_snmp.php?action=edit&id=' . grv('id'));
header_redirect	./automation_templates.php:107			header('Location: automation_templates.php?action=edit&id=' . gfrv('template_id'));
header_redirect	./automation_templates.php:113			header('Location: automation_templates.php?action=edit&id=' . gfrv('template_id'));
header_redirect	./automation_templates.php:119			header('Location: automation_templates.php?action=edit&id=' . gfrv('template_id'));
header_redirect	./automation_templates.php:129			header('Location: automation_templates.php?action=edit&id=' . gfrv('template_id'));
header_redirect	./automation_templates.php:135			header('Location: automation_templates.php?action=edit&id=' . gfrv('id'));
header_redirect	./automation_templates.php:141			header('Location: automation_templates.php');
header_redirect	./automation_templates.php:147			header('Location: automation_templates.php');
header_redirect	./automation_templates.php:153			header('Location: automation_templates.php');
header_redirect	./automation_templates.php:315		header('Location: automation_templates.php?action=import');
header_redirect	./automation_templates.php:342		header('Location: automation_templates.php');
header_redirect	./automation_templates.php:441		header('Location: automation_templates.php?action=edit&id=' . grv('id'));
header_redirect	./automation_templates.php:472		header('Location: automation_templates.php?action=edit&id=' . grv('id'));
header_redirect	./automation_templates.php:487		header('Location: automation_templates.php?action=edit&id=' . $template_id);
header_redirect	./automation_templates.php:609			header('Location: automation_templates.php');
header_redirect	./automation_templates.php:687				header('Location: automation_templates.php?id=' . (empty($template_id) ? gnrv('id') : $template_id));
header_redirect	./automation_templates.php:689				header('Location: automation_templates.php');
header_redirect	./automation_templates.php:77			header('Location: automation_templates.php?action=edit&id=' . gfrv('template_id'));
header_redirect	./automation_templates.php:83			header('Location: automation_templates.php?action=edit&id=' . gfrv('template_id'));
header_redirect	./automation_templates.php:93			header('Location: automation_templates.php?action=edit&id=' . gfrv('template_id'));
header_redirect	./automation_tree_rules.php:100			header('Location: automation_tree_rules.php');
header_redirect	./automation_tree_rules.php:150			header('Location: automation_tree_rules.php');
header_redirect	./automation_tree_rules.php:269		header('Location: automation_tree_rules.php?action=import');
header_redirect	./automation_tree_rules.php:299			header('Location: automation_tree_rules.php?action=edit&id=' . (empty($rule_id) ? grv('id') : $rule_id));
header_redirect	./automation_tree_rules.php:325				header('Location: automation_tree_rules.php?header=false&action=item_edit&id=' . grv('id') . '&item_id=' . grv('item_id') . '&rule_type=' . AUTOMATION_RULE_TYPE_TREE_MATCH);
header_redirect	./automation_tree_rules.php:341				header('Location: automation_tree_rules.php?action=item_edit&id=' . grv('id') . '&item_id=' . grv('item_id') . '&rule_type=' . AUTOMATION_RULE_TYPE_TREE_MATCH);
header_redirect	./automation_tree_rules.php:343				header('Location: automation_tree_rules.php?action=edit&id=' . grv('id') . '&rule_type=' . AUTOMATION_RULE_TYPE_TREE_MATCH);
header_redirect	./automation_tree_rules.php:376				header('Location: automation_tree_rules.php?action=item_edit&id=' . grv('id') . '&item_id=' . ($automation_graph_rule_item_id === null ? grv('item_id') : $automation_graph_rule_item_id) . '&rule_type=' . AUTOMATION_RULE_TYPE_TREE_ACTION);
header_redirect	./automation_tree_rules.php:378				header('Location: automation_tree_rules.php?action=edit&id=' . grv('id') . '&rule_type=' . AUTOMATION_RULE_TYPE_TREE_ACTION);
header_redirect	./automation_tree_rules.php:382			header('Location: automation_tree_rules.php');
header_redirect	./automation_tree_rules.php:443			header('Location: automation_tree_rules.php');
header_redirect	./automation_tree_rules.php:70			header('Location: automation_tree_rules.php?action=edit&id=' . grv('id'));
header_redirect	./automation_tree_rules.php:76			header('Location: automation_tree_rules.php?action=edit&id=' . grv('id'));
header_redirect	./automation_tree_rules.php:82			header('Location: automation_tree_rules.php?action=edit&id=' . grv('id'));
header_redirect	./automation_tree_rules.php:88			header('Location: automation_tree_rules.php?action=edit&id=' . grv('id'));
header_redirect	./cache/index.php:25	header('Location:../index.php');
header_redirect	./cdef.php:137			header('Location: cdef.php?action=edit&id=' . (empty($cdef_id) ? gnrv('id') : $cdef_id));
header_redirect	./cdef.php:167				header('Location: cdef.php?action=item_edit&cdef_id=' . gnrv('cdef_id') . '&id=' . ($cdef_item_id === null ? gnrv('id') : $cdef_item_id));
header_redirect	./cdef.php:169				header('Location: cdef.php?action=edit&id=' . gnrv('cdef_id'));
header_redirect	./cdef.php:234			header('Location: cdef.php');
header_redirect	./cdef.php:52			header('Location: cdef.php?action=edit&id=' . grv('cdef_id'));
header_redirect	./cdef.php:545		header('Location: cdef.php?action=edit&id=' . grv('id'));
header_redirect	./cdef.php:60			header('Location: cdef.php?action=edit&id=' . grv('cdef_id'));
header_redirect	./cdef.php:68			header('Location: cdef.php?action=edit&id=' . grv('cdef_id'));
header_redirect	./cli/index.php:25	header('Location:../index.php');
header_redirect	./clog.php:35			header('Location: logout.php?action=remote');
header_redirect	./clog.php:37			header('Location: permission_denied.php');
header_redirect	./clog_user.php:34			header('Location: logout.php?action=remote');
header_redirect	./clog_user.php:36			header('Location: permission_denied.php');
header_redirect	./color.php:102				header('Location: color.php?action=edit&id=' . (empty($color_id) ? gnrv('id') : $color_id));
header_redirect	./color.php:104				header('Location: color.php');
header_redirect	./color.php:116					header('Location: color.php?action=import');
header_redirect	./color.php:121				header('Location: color.php?action=import');
header_redirect	./color.php:145			header('Location: color.php');
header_redirect	./color_templates.php:209			header('Location: color_templates.php?action=template_edit&color_template_id=' . (empty($color_template_id) ? gnrv('color_template_id') : $color_template_id));
header_redirect	./color_templates.php:245				header('Location: color_templates.php?action=item_edit&color_template_item_id=' . (empty($color_template_item_id) ? gnrv('color_template_item_id') : $color_template_item_id) . '&color_template_id=' . gnrv('color_template_id'));
header_redirect	./color_templates.php:249				header('Location: color_templates.php?action=template_edit&color_template_id=' . gnrv('color_template_id'));
header_redirect	./color_templates.php:286			header('Location: color_templates.php');
header_redirect	./color_templates.php:376		header('Location: color_templates.php?action=template_edit&color_template_id=' . grv('id'));
header_redirect	./color_templates.php:64			header('Location: color_templates.php?action=template_edit&color_template_id=' . grv('id'));
header_redirect	./color_templates.php:72			header('Location: color_templates.php?action=template_edit&color_template_id=' . grv('color_template_id'));
header_redirect	./color_templates.php:80			header('Location: color_templates.php?action=template_edit&color_template_id=' . grv('color_template_id'));
header_redirect	./color_templates_items.php:123				header('Location: color_templates_items.php?header=false&action=item_edit&color_template_item_id=' . (empty($color_template_item_id) ? get_nfilter_request_var('color_template_item_id') : $color_template_item_id) . '&color_template_id=' . get_nfilter_request_var('color_template_id'));
header_redirect	./color_templates_items.php:126				header('Location: color_templates.php?header=false&action=template_edit&color_template_id=' . get_nfilter_request_var('color_template_id'));
header_redirect	./color_templates_items.php:160		header('Location: color_templates.php?action=template_edit&header=false&color_template_id=' . get_request_var('id'));
header_redirect	./color_templates_items.php:282			header('Location: ' . validate_redirect_url(isset($_SERVER['HTTP_REFERER']) ? $_SERVER['HTTP_REFERER'] : 'color_templates.php', 'color_templates.php'));
header_redirect	./color_templates_items.php:48			header('Location: color_templates.php?header=false&action=template_edit&color_template_id=' . get_request_var('id'));
header_redirect	./color_templates_items.php:56			header('Location: color_templates.php?header=false&action=template_edit&color_template_id=' . get_request_var('color_template_id'));
header_redirect	./color_templates_items.php:64			header('Location: color_templates.php?header=false&action=template_edit&color_template_id=' . get_request_var('color_template_id'));
header_redirect	./contrib/index.php:25	header('Location:../index.php');
header_redirect	./data_debug.php:244					header('Location: data_debug.php?header=false&debug=-1');
header_redirect	./data_debug.php:247					header('Location: data_debug.php?header=false&debug=1');
header_redirect	./data_debug.php:53				header('Location: data_debug.php?action=view&id=' . get_filter_request_var('id'));
header_redirect	./data_debug.php:76				header('Location: data_debug.php?action=view&id=' . get_filter_request_var('id'));
header_redirect	./data_input.php:122			header('Location: data_input.php?action=edit&id=' . (empty($data_input_id) ? gnrv('id') : $data_input_id));
header_redirect	./data_input.php:162				header('Location: data_input.php?action=field_edit&data_input_id=' . grv('data_input_id') . '&id=' . (empty($data_input_field_id) ? grv('id') : $data_input_field_id) . (!ierv('input_output') ? '&type=' . grv('input_output') : ''));
header_redirect	./data_input.php:164				header('Location: data_input.php?action=edit&id=' . grv('data_input_id'));
header_redirect	./data_input.php:219			header('Location: data_input.php');
header_redirect	./data_input.php:434			header('Location: data_input.php?action=edit&id=' . gfrv('data_input_id'));
header_redirect	./data_input.php:499				header('Location: data_input.php');
header_redirect	./data_input.php:55			header('Location: data_input.php?action=edit&id=' . gfrv('data_input_id'));
header_redirect	./data_queries.php:1103				header('Location: data_queries.php');
header_redirect	./data_queries.php:151			header('Location: data_queries.php?action=edit&id=' . (empty($snmp_query_id) ? grv('id') : $snmp_query_id));
header_redirect	./data_queries.php:226			header('Location: data_queries.php?action=item_edit&id=' . (empty($snmp_query_graph_id) ? grv('id') : $snmp_query_graph_id) . '&snmp_query_id=' . grv('snmp_query_id'));
header_redirect	./data_queries.php:236				header('Location: data_queries.php?action=item_edit&id=' . grv('id') . '&snmp_query_id=' . grv('snmp_query_id'));
header_redirect	./data_queries.php:243				header('Location: data_queries.php?action=item_edit&id=' . grv('id') . '&snmp_query_id=' . grv('snmp_query_id'));
header_redirect	./data_queries.php:272			header('Location: data_queries.php?action=item_edit&id=' . grv('id') . '&snmp_query_id=' . grv('snmp_query_id'));
header_redirect	./data_queries.php:286					header('Location: data_queries.php?action=item_edit&id=' . grv('id') . '&snmp_query_id=' . grv('snmp_query_id'));
header_redirect	./data_queries.php:293					header('Location: data_queries.php?action=item_edit&id=' . grv('id') . '&snmp_query_id=' . grv('snmp_query_id'));
header_redirect	./data_queries.php:322				header('Location: data_queries.php?action=item_edit&id=' . grv('id') . '&snmp_query_id=' . grv('snmp_query_id'));
header_redirect	./data_queries.php:352			header('Location: data_queries.php');
header_redirect	./data_queries.php:50			header('Location: data_queries.php?action=item_edit&id=' . gfrv('snmp_query_graph_id') . '&snmp_query_id=' . gfrv('snmp_query_id'));
header_redirect	./data_queries.php:56			header('Location: data_queries.php?action=item_edit&id=' . gfrv('snmp_query_graph_id') . '&snmp_query_id=' . gfrv('snmp_query_id'));
header_redirect	./data_queries.php:62			header('Location: data_queries.php?action=item_edit&id=' . gfrv('snmp_query_graph_id') . '&snmp_query_id=' . gfrv('snmp_query_id'));
header_redirect	./data_queries.php:68			header('Location: data_queries.php?action=item_edit&id=' . gfrv('snmp_query_graph_id') . '&snmp_query_id=' . gfrv('snmp_query_id'));
header_redirect	./data_queries.php:74			header('Location: data_queries.php?action=item_edit&id=' . gfrv('snmp_query_graph_id') . '&snmp_query_id=' . gfrv('snmp_query_id'));
header_redirect	./data_queries.php:80			header('Location: data_queries.php?action=item_edit&id=' . gfrv('snmp_query_graph_id') . '&snmp_query_id=' . gfrv('snmp_query_id'));
header_redirect	./data_queries.php:90			header('Location: data_queries.php?action=edit&id=' . gfrv('snmp_query_id'));
header_redirect	./data_source_profiles.php:423		header('Location: data_source_profiles.php?action=import');
header_redirect	./data_source_profiles.php:647			header('Location: data_source_profiles.php?action=edit&id=' . (empty($profile_id) ? grv('id') : $profile_id));
header_redirect	./data_source_profiles.php:689				header('Location: data_source_profiles.php?action=item_edit&profile_id=' . grv('profile_id') . '&id=' . (empty($profile_rra_id) ? grv('id') : $profile_rra_id));
header_redirect	./data_source_profiles.php:691				header('Location: data_source_profiles.php?action=edit&id=' . grv('profile_id'));
header_redirect	./data_source_profiles.php:739			header('Location: data_source_profiles.php');
header_redirect	./data_sources.php:313									header('Location: data_sources.php?header=false&action=ds_edit&id=' . (empty($local_data_id) ? get_filter_request_var('local_data_id') : $local_data_id) . '&host_id=' . get_request_var('host_id') . '&view_rrd=' . (isset_request_var('current_rrd') ? get_nfilter_request_var('current_rrd') : '0'));
header_redirect	./data_sources.php:363			header('Location: data_sources.php?header=false&action=ds_edit&host_id=' . get_request_var('host_id') . '&new=1');
header_redirect	./data_sources.php:365			header('Location: data_sources.php?header=false&action=ds_edit&id=' . (empty($local_data_id) ? get_filter_request_var('local_data_id') : $local_data_id) . '&host_id=' . get_request_var('host_id') . '&view_rrd=' . (isset_request_var('current_rrd') ? get_nfilter_request_var('current_rrd') : '0'));
header_redirect	./data_sources.php:367			header('Location: data_sources.php?header=false');
header_redirect	./data_sources.php:472			header('Location: data_sources.php?header=false');
header_redirect	./data_sources.php:595			header('Location: data_sources.php?header=false');
header_redirect	./data_sources.php:748		header('Location: data_sources.php?header=false&action=ds_edit&id=' . get_request_var('local_data_id'));
header_redirect	./data_sources.php:763		header('Location: data_sources.php?header=false&action=ds_edit&id=' . get_request_var('id') . "&view_rrd=$data_template_rrd_id");
header_redirect	./data_sources.php:772		header('Location: data_sources.php?header=false&action=ds_edit&id=' . get_request_var('id'));
header_redirect	./data_sources.php:781		header('Location: data_sources.php?header=false&action=ds_edit&id=' . get_request_var('id'));
header_redirect	./data_sources.php:821				header('Location: data_sources.php');
header_redirect	./data_sources.php:87			header('Location: data_sources.php');
header_redirect	./data_templates.php:160					header('Location: ' . $location);
header_redirect	./data_templates.php:365			header('Location: data_templates.php?action=template_edit&id=' . (empty($data_template_id) ? grv('data_template_id') : $data_template_id) . (ierv('current_rrd') ? '' : '&view_rrd=' . (gnrv('current_rrd') ? gnrv('current_rrd') : $data_template_rrd_id)));
header_redirect	./data_templates.php:460			header('Location: data_templates.php');
header_redirect	./data_templates.php:563		header('Location: data_templates.php?action=template_edit&id=' . grv('data_template_id'));
header_redirect	./data_templates.php:619		header('Location: data_templates.php?action=template_edit&id=' . grv('id') . "&view_rrd=$data_template_rrd_id");
header_redirect	./docs/index.php:34		header('Location: https://github.com/Cacti/documentation/blob/develop/README.md');
header_redirect	./formats/index.php:25	header('Location:../index.php');
header_redirect	./gprint_presets.php:113			header('Location: gprint_presets.php');
header_redirect	./gprint_presets.php:85				header('Location: gprint_presets.php?action=edit&id=' . (empty($gprint_preset_id) ? gnrv('id') : $gprint_preset_id));
header_redirect	./gprint_presets.php:89				header('Location: gprint_presets.php');
header_redirect	./graph_templates.php:116			header('Location: graph_templates.php?action=template_edit&id=' . gfrv('id'));
header_redirect	./graph_templates.php:1239			header('Location: graph_templates.php');
header_redirect	./graph_templates.php:124			header('Location: graph_templates.php?action=template_edit&id=' . grv('graph_template_id'));
header_redirect	./graph_templates.php:132			header('Location: graph_templates.php?action=template_edit&id=' . grv('graph_template_id'));
header_redirect	./graph_templates.php:140			header('Location: graph_templates.php?action=template_edit&id=' . grv('graph_template_id'));
header_redirect	./graph_templates.php:164			header('Location: graph_templates.php?action=template_edit&id=' . grv('graph_template_id'));
header_redirect	./graph_templates.php:611				header('Location: graph_templates.php?action=item_edit&graph_template_item_id=' . (empty($graph_template_item_id) ? gnrv('graph_template_item_id') : $graph_template_item_id) . '&id=' . gnrv('graph_template_id'));
header_redirect	./graph_templates.php:620				header('Location: graph_templates.php?action=template_edit&id=' . gnrv('graph_template_id'));
header_redirect	./graph_templates.php:693				header('Location: graph_templates.php?action=input_edit&graph_template_input_id=' . (empty($graph_template_input_id) ? gnrv('graph_template_input_id') : $graph_template_input_id) . '&graph_template_id=' . gnrv('graph_template_id'));
header_redirect	./graph_templates.php:702				header('Location: graph_templates.php?action=template_edit&id=' . gnrv('graph_template_id'));
header_redirect	./graph_templates.php:708		header('Location: graph_templates.php?action=template_edit&id=' . (empty($graph_template_id) ? gnrv('graph_template_id') : $graph_template_id));
header_redirect	./graph_view.php:190			header('Location: graph_view.php?action=list&header=false');
header_redirect	./graph_view.php:393					header('Location: permission_denied.php');
header_redirect	./graphs.php:1326			header('Location: graphs.php?header=false');
header_redirect	./graphs.php:1501				header('Location: graphs.php');
header_redirect	./graphs.php:270				header('Location: graphs.php?action=graph_edit&header=false&id=' . $local_graph_id);
header_redirect	./graphs.php:272				header('Location: graphs.php?header=false');
header_redirect	./graphs.php:424			header('Location: graphs.php?action=graph_edit&header=false&host_id=' . get_nfilter_request_var('host_id') . '&new=1');
header_redirect	./graphs.php:426			header('Location: graphs.php?action=graph_edit&header=false&id=' . (empty($local_graph_id) ? get_nfilter_request_var('local_graph_id') : $local_graph_id) . (isset_request_var('host_id') ? '&host_id=' . get_nfilter_request_var('host_id') : ''));
header_redirect	./graphs.php:428			header('Location: graphs.php?action=graph_edit&header=false&id=' . $local_graph_id);
header_redirect	./graphs.php:430			header('Location: graphs.php?header=false');
header_redirect	./graphs.php:771					header("Location: aggregate_graphs.php?header=false&action=edit&tab=details&id=$local_graph_id");
header_redirect	./graphs.php:806				header('Location: graphs.php?header=false&template_id=-1');
header_redirect	./graphs.php:808				header('Location: graphs.php?header=false');
header_redirect	./graphs_new.php:171			header('Location: graphs_new.php?host_id=' . $host_id);
header_redirect	./graphs_new.php:177			header('Location: graphs_new.php?host_id=' . gfrv('host_id'));
header_redirect	./graphs_new.php:49			header('Location: graphs_new.php?host_id=' . grv('host_id'));
header_redirect	./host.php:102			header('Location: host.php?action=edit&id=' . grv('host_id'));
header_redirect	./host.php:110			header('Location: host.php?action=edit&id=' . grv('host_id'));
header_redirect	./host.php:118			header('Location: host.php?action=edit&id=' . grv('host_id'));
header_redirect	./host.php:126			header('Location: host.php?action=edit&id=' . grv('host_id'));
header_redirect	./host.php:135			header('Location: host.php?action=edit&id=' . grv('host_id'));
header_redirect	./host.php:144			header('Location: host.php?action=edit&id=' . grv('host_id') . '&display_dq_details=true');
header_redirect	./host.php:164			header('Location: host.php?action=edit&id=' . grv('host_id'));
header_redirect	./host.php:171			header('Location: host.php?action=edit&id=' . grv('host_id'));
header_redirect	./host.php:182			header('Location: host.php?action=edit&id=' . grv('host_id'));
header_redirect	./host.php:320			header('Location: host.php?action=edit&id=' . (empty($host_id) ? gnrv('id') : $host_id));
header_redirect	./host.php:395			header('Location: host.php');
header_redirect	./host.php:82			header('Location: host.php?action=edit&id=' . grv('host_id'));
header_redirect	./host.php:94			header('Location: host.php?action=edit&id=' . grv('host_id'));
header_redirect	./host_templates.php:109			header('Location: host_templates.php?action=edit&id=' . gfrv('host_template_id'));
header_redirect	./host_templates.php:165			header('Location: host_templates.php?action=edit&id=' . (empty($host_template_id) ? gnrv('id') : $host_template_id));
header_redirect	./host_templates.php:257				header('Location: host_templates.php?action=templates&action=templates');
header_redirect	./host_templates.php:296				header('Location: host_templates.php?action=archives');
header_redirect	./host_templates.php:83			header('Location: host_templates.php?action=edit&id=' . gfrv('host_template_id'));
header_redirect	./host_templates.php:93			header('Location: host_templates.php?action=edit&id=' . gfrv('host_template_id'));
header_redirect	./host_templates.php:99			header('Location: host_templates.php?action=edit&id=' . gfrv('host_template_id'));
header_redirect	./images/index.php:25	header('Location:../index.php');
header_redirect	./include/auth.php:214					header('Location: ' . CACTI_PATH_URL . 'auth_2fa.php');
header_redirect	./include/auth.php:56		header('Location: ' . CACTI_PATH_URL . 'install/');
header_redirect	./include/auth.php:77			header('Location: ' . CACTI_PATH_URL . 'auth_changepassword.php?ref=' . rawurlencode(validate_redirect_url($_SERVER['HTTP_REFERER'] ?? '', 'index.php')));
header_redirect	./include/content/index.php:25	header('Location:../index.php');
header_redirect	./include/csrf.php:49		header('Location: ' . sanitize_uri($_SERVER['REQUEST_URI']));
header_redirect	./include/fa/css/index.php:25	header('Location:../index.php');
header_redirect	./include/fa/index.php:25	header('Location:../index.php');
header_redirect	./include/fa/js/index.php:25	header('Location:../index.php');
header_redirect	./include/fa/less/index.php:25	header('Location:../index.php');
header_redirect	./include/fa/metadata/index.php:25	header('Location:../index.php');
header_redirect	./include/fa/scss/index.php:25	header('Location:../index.php');
header_redirect	./include/fa/sprites/index.php:25	header('Location:../index.php');
header_redirect	./include/fa/svgs/brands/index.php:25	header('Location:../index.php');
header_redirect	./include/fa/svgs/index.php:25	header('Location:../index.php');
header_redirect	./include/fa/svgs/regular/index.php:25	header('Location:../index.php');
header_redirect	./include/fa/svgs/solid/index.php:25	header('Location:../index.php');
header_redirect	./include/fa/webfonts/index.php:25	header('Location:../index.php');
header_redirect	./include/global.php:503				header('Location: https://' . $_SERVER['HTTP_HOST'] . $_SERVER['REQUEST_URI']);
header_redirect	./include/index.php:25	header('Location:../index.php');
header_redirect	./include/js/LC_MESSAGES/index.php:25	header('Location:../index.php');
header_redirect	./include/js/index.php:25	header('Location:../index.php');
header_redirect	./include/themes/cacti/default/index.php:25	header('Location:../index.php');
header_redirect	./include/themes/cacti/images/index.php:25	header('Location:../index.php');
header_redirect	./include/themes/cacti/index.php:25	header('Location:../index.php');
header_redirect	./include/themes/carrot/default/index.php:25	header('Location:../index.php');
header_redirect	./include/themes/carrot/images/index.php:25	header('Location:../index.php');
header_redirect	./include/themes/carrot/index.php:25	header('Location:../index.php');
header_redirect	./include/themes/dark/default/index.php:25	header('Location:../index.php');
header_redirect	./include/themes/dark/images/index.php:25	header('Location:../index.php');
header_redirect	./include/themes/dark/index.php:25	header('Location:../index.php');
header_redirect	./include/themes/hollyberry/default/index.php:25	header('Location:../index.php');
header_redirect	./include/themes/hollyberry/images/index.php:25	header('Location:../index.php');
header_redirect	./include/themes/hollyberry/index.php:25	header('Location:../index.php');
header_redirect	./include/themes/index.php:25	header('Location:../index.php');
header_redirect	./include/themes/midwinter/default/index.php:25	header('Location:../index.php');
header_redirect	./include/themes/midwinter/images/index.php:25	header('Location:../index.php');
header_redirect	./include/themes/midwinter/index.php:25	header('Location:../index.php');
header_redirect	./include/themes/modern/default/index.php:25	header('Location:../index.php');
header_redirect	./include/themes/modern/images/index.php:25	header('Location:../index.php');
header_redirect	./include/themes/modern/index.php:25	header('Location:../index.php');
header_redirect	./include/themes/paper-plane/default/index.php:25	header('Location:../index.php');
header_redirect	./include/themes/paper-plane/images/index.php:25	header('Location:../index.php');
header_redirect	./include/themes/paper-plane/index.php:25	header('Location:../index.php');
header_redirect	./include/themes/paw/default/index.php:25	header('Location:../index.php');
header_redirect	./include/themes/paw/images/index.php:25	header('Location:../index.php');
header_redirect	./include/themes/paw/index.php:25	header('Location:../index.php');
header_redirect	./include/themes/raspberry/default/index.php:25	header('Location:../index.php');
header_redirect	./include/themes/raspberry/images/index.php:25	header('Location:../index.php');
header_redirect	./include/themes/raspberry/index.php:25	header('Location:../index.php');
header_redirect	./include/themes/sunrise/default/index.php:25	header('Location:../index.php');
header_redirect	./include/themes/sunrise/images/index.php:25	header('Location:../index.php');
header_redirect	./include/themes/sunrise/index.php:25	header('Location:../index.php');
header_redirect	./install/upgrades/index.php:25	header('Location:../../index.php');
header_redirect	./link.php:101			header('Location: ' . $referer);
header_redirect	./link.php:51		header('Location: ' . $referer);
header_redirect	./links.php:117				header('Location: links.php');
header_redirect	./links.php:123				header('Location: links.php?action=edit&id=' . (isrv('id') ? gfrv('id') : ''));
header_redirect	./links.php:191			header('Location: links.php');
header_redirect	./links.php:45			header('Location: links.php');
header_redirect	./links.php:53			header('Location: links.php');
header_redirect	./links.php:61			header('Location: links.php');
header_redirect	./links.php:69			header('Location: links.php');
header_redirect	./locales/index.php:25	header('Location:../index.php');
header_redirect	./log/index.php:25	header('Location:../index.php');
header_redirect	./logout.php:77		header('Location: index.php');
header_redirect	./managers.php:698				header('Location: managers.php?action=edit&tab=notifications&id=' . grv('id'));
header_redirect	./managers.php:748		header('Location: managers.php?action=edit&id=' . (empty($manager_id) ? gnrv('id') : $manager_id));
header_redirect	./managers.php:769					header('Location: managers.php');
header_redirect	./managers.php:804				header('Location: managers.php?action=edit&id=' . gnrv('id') . '&tab=notifications');
header_redirect	./mibs/index.php:25	header('Location:../index.php');
header_redirect	./oauth2.php:95		header('Location: ' . $authUrl);
header_redirect	./package.php:122			header('Location: package.php');
header_redirect	./package_import.php:194									header('Location: package_import.php?package_location=' . $package_location);
header_redirect	./package_import.php:219			header('Location: package_import.php?package_location=' . $package_location);
header_redirect	./package_import.php:370					header('Location: package_import.php');
header_redirect	./package_import.php:377			header('Location: package_import.php');
header_redirect	./package_import.php:424				header('Location: package_import.php');
header_redirect	./package_import.php:538				header('Location: package_import.php?package_location=0');
header_redirect	./package_import.php:838						header('Location: package_import.php');
header_redirect	./package_keys.php:108			header('Location: package_keys.php?header=false');
header_redirect	./package_keys.php:66			header('Location: package_keys.php?header=false');
header_redirect	./package_repos.php:159		header('Location: package_repos.php?header=false&action=edit&id=' . (empty($id) ? gnrv('id') : $id));
header_redirect	./package_repos.php:193			header('Location: package_repos.php?header=false');
header_redirect	./package_repos.php:266			header('Location: package_repos.php?header=false');
header_redirect	./plugins.php:168			header('Location: plugins.php');
header_redirect	./plugins.php:175			header('Location: plugins.php');
header_redirect	./plugins.php:198			header('Location: plugins.php');
header_redirect	./plugins.php:229				header('Location: plugins.php');
header_redirect	./plugins.php:233				header('Location: plugins.php');
header_redirect	./plugins.php:243				header('Location: plugins.php?state=5');
header_redirect	./plugins.php:245				header('Location: plugins.php');
header_redirect	./plugins.php:254			header('Location: plugins.php');
header_redirect	./plugins.php:260			header('Location: plugins.php');
header_redirect	./plugins.php:266			header('Location: plugins.php');
header_redirect	./plugins.php:272			header('Location: plugins.php');
header_redirect	./plugins.php:290			header('Location: plugins.php');
header_redirect	./plugins.php:296			header('Location: plugins.php');
header_redirect	./plugins.php:302			header('Location: plugins.php');
header_redirect	./plugins.php:313			header('Location: plugins.php');
header_redirect	./plugins.php:324			header('Location: plugins.php');
header_redirect	./plugins.php:332			header('Location: plugins.php');
header_redirect	./plugins.php:340			header('Location: plugins.php');
header_redirect	./plugins.php:348			header('Location: plugins.php');
header_redirect	./plugins.php:356			header('Location: plugins.php');
header_redirect	./plugins/index.php:25	header('Location:../index.php');
header_redirect	./pollers.php:372			header('Location: pollers.php?action=edit&id=' . (empty($poller_id) ? gnrv('id') : $poller_id));
header_redirect	./pollers.php:580			header('Location: pollers.php');
header_redirect	./reports.php:163			header('Location: reports.php?action=edit&tab=items&id=' . grv('id'));
header_redirect	./reports.php:171			header('Location: reports.php?action=edit&tab=items&id=' . grv('id'));
header_redirect	./reports.php:179			header('Location: reports.php?action=edit&tab=items&id=' . grv('id'));
header_redirect	./reports.php:62			header('Location: reports.php?action=edit&tab=' . grv('tab') . '&id=' . grv('id'));
header_redirect	./reports.php:75			header('Location: reports.php?action=edit&tab=preview&rdate=-1&id=' . $report_id);
header_redirect	./reports.php:81			header('Location: reports.php?action=edit&tab=items&id=' . grv('id'));
header_redirect	./resource/index.php:25	header('Location:../index.php');
header_redirect	./scripts/index.php:25	header('Location:../index.php');
header_redirect	./service/index.php:25	header('Location:../index.php');
header_redirect	./settings.php:1621			header('Location: settings.php?header=false&tab=' . grv('tab'));
header_redirect	./settings.php:1623			header('Location: settings.php?tab=' . grv('tab'));
header_redirect	./sites.php:280			header('Location: sites.php?action=edit&id=' . (empty($site_id) ? gnrv('id') : $site_id));
header_redirect	./sites.php:393			header('Location: sites.php');
header_redirect	./support.php:64		header('Location: support.php?tab=summary');
header_redirect	./templates_export.php:72					header('Location: templates_export.php');
header_redirect	./templates_import.php:118				header('Location: templates_import.php');
header_redirect	./templates_import.php:67				header('Location: templates_import.php');
header_redirect	./tree.php:103			header('Location: tree.php');
header_redirect	./tree.php:257		header('Location: tree.php');
header_redirect	./tree.php:286		header('Location: tree.php');
header_redirect	./tree.php:315		header('Location: tree.php');
header_redirect	./tree.php:573			header('Location: tree.php?action=edit&id=' . (isset($tree_id) ? $tree_id : ''));
header_redirect	./tree.php:675			header('Location: tree.php');
header_redirect	./tree.php:98			header('Location: tree.php');
header_redirect	./user_admin.php:1069					header('Location: user_admin.php');
header_redirect	./user_admin.php:1239					header('Location: user_admin.php');
header_redirect	./user_admin.php:124			header('Location: user_admin.php?action=user_edit&tab=permsd&id=' . gnrv('id'));
header_redirect	./user_admin.php:1395					header('Location: user_admin.php');
header_redirect	./user_admin.php:151			header('Location: user_admin.php?action=user_edit&tab=permsg&id=' . gnrv('id'));
header_redirect	./user_admin.php:178			header('Location: user_admin.php?action=user_edit&tab=permste&id=' . gnrv('id'));
header_redirect	./user_admin.php:204			header('Location: user_admin.php?action=user_edit&tab=permsgr&id=' . gnrv('id'));
header_redirect	./user_admin.php:231			header('Location: user_admin.php?action=user_edit&tab=permstr&id=' . gnrv('id'));
header_redirect	./user_admin.php:325			header('Location: user_admin.php');
header_redirect	./user_admin.php:492				header('Location: user_admin.php?action=user_edit&tab=graph_perms_edit&id=' . gnrv('id'));
header_redirect	./user_admin.php:698		header('Location: user_admin.php?action=user_edit&id=' . (empty($user_id) ? gfrv('id') : $user_id));
header_redirect	./user_admin.php:733		header('Location: user_admin.php?action=user_edit&tab=graph_perms_edit&id=' . grv('user_id'));
header_redirect	./user_admin.php:767					header('Location: user_admin.php');
header_redirect	./user_admin.php:93		header('Location: user_admin.php?action=user_edit&tab=' . gnrv('tab') . '&id=' . gnrv('id'));
header_redirect	./user_admin.php:964					header('Location: user_admin.php');
header_redirect	./user_domains.php:168		header('Location: user_domains.php?action=edit&domain_id=' . (empty($domain_id) ? gnrv('domain_id') : $domain_id));
header_redirect	./user_domains.php:202			header('Location: user_domains.php');
header_redirect	./user_group_admin.php:1796					header('Location: user_group_admin.php');
header_redirect	./user_group_admin.php:1804					header('Location: user_group_admin.php');
header_redirect	./user_group_admin.php:1815					header('Location: user_group_admin.php');
header_redirect	./user_group_admin.php:1823					header('Location: user_group_admin.php');
header_redirect	./user_group_admin.php:255		header('Location: user_group_admin.php?action=edit&tab=' . gnrv('tab') . '&id=' . gnrv('id'));
header_redirect	./user_group_admin.php:286			header('Location: user_group_admin.php?action=edit&tab=permsd&id=' . gnrv('id'));
header_redirect	./user_group_admin.php:313			header('Location: user_group_admin.php?action=edit&tab=permsg&id=' . gnrv('id'));
header_redirect	./user_group_admin.php:340			header('Location: user_group_admin.php?action=edit&tab=permste&id=' . gnrv('id'));
header_redirect	./user_group_admin.php:367			header('Location: user_group_admin.php?action=edit&tab=permstr&id=' . gnrv('id'));
header_redirect	./user_group_admin.php:393			header('Location: user_group_admin.php?action=edit&tab=members&id=' . gnrv('id'));
header_redirect	./user_group_admin.php:423			header('Location: user_group_admin.php');
header_redirect	./user_group_admin.php:529			header('Location: user_group_admin.php?action=edit&tab=general&id=' . (isset($group_id) && $group_id > 0 ? $group_id : gnrv('id')));
header_redirect	./user_group_admin.php:549			header('Location: user_group_admin.php?action=edit&tab=realms&id=' . grv('id'));
header_redirect	./user_group_admin.php:573			header('Location: user_group_admin.php?action=edit&tab=settings&id=' . gnrv('id'));
header_redirect	./user_group_admin.php:581		header('Location: user_group_admin.php?action=edit&tab=general&id=' . gnrv('id'));
header_redirect	./user_group_admin.php:600		header('Location: user_group_admin.php?action=edit&tab=gperms&id=' . grv('group_id'));
header_redirect	./utilities.php:100			header('Location: support.php?tab=summary');
header_redirect	./utilities.php:118			header('Location: utilities.php');
header_redirect	./utilities.php:123			header('Location: utilities.php?action=view_snmpagent_cache');
header_redirect	./utilities.php:53			header('Location: utilities.php?action=view_poller_cache');
header_redirect	./utilities.php:58			header('Location: utilities.php');
header_redirect	./vdef.php:122			header('Location: vdef.php?action=edit&id=' . (empty($vdef_id) ? grv('id') : $vdef_id));
header_redirect	./vdef.php:146				header('Location: vdef.php?action=item_edit&vdef_id=' . grv('vdef_id') . '&id=' . (empty($vdef_item_id) ? grv('id') : $vdef_item_id));
header_redirect	./vdef.php:148				header('Location: vdef.php?action=edit&id=' . grv('vdef_id'));
header_redirect	./vdef.php:228			header('Location: vdef.php');
header_redirect	./vdef.php:532		header('Location: vdef.php?action=edit&id=' . grv('id'));
header_redirect	./vdef.php:57			header('Location: vdef.php?action=edit&id=' . grv('vdef_id'));
header_redirect	./vdef.php:65			header('Location: vdef.php?action=edit&id=' . grv('vdef_id'));
xml_parse	./cli/genmanifest.php:143							$xmldata = simplexml_load_string($data);
xml_parse	./cli/rrdresize.php:559						$rrd_data = json_decode(json_encode(simplexml_load_string($file_dump)), true);
xml_parse	./install/functions.php:925				$xmlget = simplexml_load_string($xml);
